01/03/2015,D-1
02/03/2015,D-2
03/03/2015,D-3
04/03/2015,D-4
05/03/2015,D-5
06/03/2015,D-6
07/03/2015,D-7
08/03/2015,D-8
09/03/2015,D-9
10/03/2015,D-10
11/03/2015,D-11
12/03/2015,D-12
13/03/2015,D-13
14/03/2015,D-14
15/03/2015,D-15
16/03/2015,D-16
17/03/2015,D-17
18/03/2015,D-18
19/03/2015,D-19
20/03/2015,D-20
21/03/2015,D-21
22/03/2015,D-22
23/03/2015,D-23
24/03/2015,D-24
25/03/2015,D-25
26/03/2015,D-26
27/03/2015,D-27
28/03/2015,D-28
29/03/2015,D-29
30/03/2015,D-30
31/03/2015,D-31
